ngay,ma,kn_gia_tri,kn_khoi_luong
2026-08-28,ACB,16973321100,749374
2026-08-28,AGR,28245000,2100
2026-08-28,ANV,-404200000,-23500
2026-08-28,BID,-4676080750,-126895
2026-08-28,BSI,-1781200000,-61000
2026-08-28,BSR,25159876000,945860
2026-08-28,BVH,-1280000000,-20000
2026-08-28,CTD,1070740000,17050
2026-08-28,CTG,5257915650,164567
2026-08-28,CTS,-9091893000,-390210
2026-08-28,DBC,389968800,22412
2026-08-28,DCM,-1781649200,-57752
2026-08-28,DGC,-17784800000,-413600
2026-08-28,DGW,-3008100400,-71282
2026-08-28,DIG,-10891491600,-955394
2026-08-28,DPM,-544060000,-24730
2026-08-28,DXG,-16341606600,-1350546
2026-08-28,EIB,-3698117200,-213764
2026-08-28,FPT,240007501200,3278791
2026-08-28,FRT,-4319515400,-29606
2026-08-28,FTS,-942828250,-41443
2026-08-28,GAS,-6907768000,-82040
2026-08-28,GEX,-6407221550,-242239
2026-08-28,GMD,-5175609000,-65102
2026-08-28,HAH,-5284800000,-110100
2026-08-28,HCM,256097550,9831
2026-08-28,HDB,2778915800,99961
2026-08-28,HDG,-9567373050,-574617
2026-08-28,HPG,4963129600,224576
2026-08-28,HSG,849011900,77891
2026-08-28,IJC,14820000,2000
2026-08-28,KBC,-4490284600,-163879
2026-08-28,KDH,-8204250600,-450783
2026-08-28,LPB,20629350000,413000
2026-08-28,MBB,31665515000,1504300
2026-08-28,MBS,-119446700,-6673
2026-08-28,MCH,71593093000,500651
2026-08-28,MSB,-55057402500,-4124150
2026-08-28,MSN,30803268600,438793
2026-08-28,MWG,82500000,1100
2026-08-28,NAB,250496400,21688
2026-08-28,NKG,141255000,12900
2026-08-28,NLG,-4631580000,-190600
2026-08-28,NT2,-6081785000,-290300
2026-08-28,NVL,-9528340050,-730141
2026-08-28,OCB,794959000,72269
2026-08-28,ORS,-3145335000,-227100
2026-08-28,PDR,-21000813600,-1693614
2026-08-28,PLX,1504375000,41500
2026-08-28,PNJ,21865771700,519377
2026-08-28,POW,-43836215600,-3346276
2026-08-28,PVD,-442020300,-23082
2026-08-28,PVS,23461416000,592460
2026-08-28,SAB,2415386400,52969
2026-08-28,SHB,61748116200,5061321
2026-08-28,SSB,47507869800,2778238
2026-08-28,SSI,-28064617700,-1314502
2026-08-28,STB,78692970500,1042291
2026-08-28,SZC,-206850000,-10500
2026-08-28,TCB,213288792800,6385892
2026-08-28,TPB,-5638916850,-384909
2026-08-28,VCB,-30839714000,-513140
2026-08-28,VCI,-12959354650,-567149
2026-08-28,VHC,-4083598000,-78380
2026-08-28,VHM,-55185080000,-755960
2026-08-28,VIB,-5767710000,-385800
2026-08-28,VIC,-160217332000,-678887
2026-08-28,VIX,-68749865700,-4875877
2026-08-28,VJC,-3619125000,-28953
2026-08-28,VND,-9747159750,-585415
2026-08-28,VNM,25940847800,416386
2026-08-28,VPB,113158621200,4070454
2026-08-28,VRE,18225577800,698298
2026-08-28,VSC,-7263270000,-494100
2026-08-28,VTP,1647800000,30800
2026-09-03,ACB,-81670514400,-3678852
2026-09-03,AGR,-5280000,-400
2026-09-03,ANV,495635000,28900
2026-09-03,BID,-2991597300,-82074
2026-09-03,BSI,-200362500,-6850
2026-09-03,BSR,29317368500,1089865
2026-09-03,BVH,-6826650000,-106500
2026-09-03,CTD,-437360000,-7100
2026-09-03,CTG,-15797470500,-501507
2026-09-03,CTS,1881360000,80400
2026-09-03,DBC,-3248025000,-190500
2026-09-03,DCM,30301308800,929488
2026-09-03,DGC,1373940000,30600
2026-09-03,DGW,8699430000,212700
2026-09-03,DIG,875846250,77853
2026-09-03,DPM,46452883800,1993686
2026-09-03,DXG,-42882616000,-3634120
2026-09-03,EIB,-1517569350,-89007
2026-09-03,FPT,21973925600,304348
2026-09-03,FRT,-853113000,-5970
2026-09-03,FTS,502263750,22175
2026-09-03,GAS,-17403288000,-207182
2026-09-03,GEX,-2457262800,-94148
2026-09-03,GMD,-27930024800,-359923
2026-09-03,HAH,-9509025000,-200190
2026-09-03,HCM,708742350,27207
2026-09-03,HDB,-36431897600,-1339408
2026-09-03,HDG,-368251700,-22051
2026-09-03,HPG,-146610734400,-6787534
2026-09-03,HSG,-1480669500,-139030
2026-09-03,IJC,104533000,14300
2026-09-03,KBC,-779148200,-28804
2026-09-03,KDH,-18196728000,-1033905
2026-09-03,LPB,-870836000,-17845
2026-09-03,MBB,-64351392400,-3123854
2026-09-03,MBS,457598100,25853
2026-09-03,MCH,-983918000,-6929
2026-09-03,MSB,1041620400,78024
2026-09-03,MSN,-111603705000,-1617445
2026-09-03,MWG,-21740400,-297
2026-09-03,NAB,52601300,4594
2026-09-03,NKG,-1216188000,-112610
2026-09-03,NLG,-71139116400,-2891834
2026-09-03,NT2,-8265600000,-403200
2026-09-03,NVL,-89155014350,-6779849
2026-09-03,OCB,-22118737800,-2029242
2026-09-03,ORS,-672670000,-49100
2026-09-03,PDR,-1107559250,-90413
2026-09-03,PLX,10020160000,276800
2026-09-03,PNJ,-70532286400,-1772168
2026-09-03,POW,-36838942700,-2844706
2026-09-03,PVD,-186437250,-9635
2026-09-03,PVS,-23178441000,-594319
2026-09-03,SAB,-5788170000,-128626
2026-09-03,SHB,-49449446550,-4138029
2026-09-03,SSB,31147202000,1706696
2026-09-03,SSI,-20555170900,-983501
2026-09-03,STB,-42212966500,-566617
2026-09-03,SZC,1036790000,52100
2026-09-03,TCB,-152806593000,-4760330
2026-09-03,TPB,3408718000,235084
2026-09-03,VCB,-213788569800,-3642054
2026-09-03,VCI,-1263088000,-56768
2026-09-03,VHC,-5363851300,-102953
2026-09-03,VHM,27830564200,379163
2026-09-03,VIB,-1734600000,-118000
2026-09-03,VIC,-160762906500,-657517
2026-09-03,VIX,48128598150,3425523
2026-09-03,VJC,18126968800,144323
2026-09-03,VND,4068495600,248079
2026-09-03,VNM,-25563240000,-417700
2026-09-03,VPB,-171327132900,-6357222
2026-09-03,VRE,28944964700,1100569
2026-09-03,VSC,-4539081600,-315214
2026-09-03,VTP,923940000,17700
2026-09-04,ACB,-53534589600,-2411468
2026-09-04,AGR,3945000,300
2026-09-04,ANV,888180000,52400
2026-09-04,BID,2938177000,80498
2026-09-04,BSI,49810000,1700
2026-09-04,BSR,-11799425000,-441100
2026-09-04,BVH,689970000,10550
2026-09-04,CTD,633917900,10241
2026-09-04,CTG,-26933287200,-857748
2026-09-04,CTS,60060000,2600
2026-09-04,DBC,-179760000,-10700
2026-09-04,DCM,-14120190000,-433800
2026-09-04,DGC,-15472350000,-328500
2026-09-04,DGW,-13160430000,-328600
2026-09-04,DIG,5078472000,457520
2026-09-04,DPM,-10597440000,-464800
2026-09-04,DXG,-121105052000,-10263140
2026-09-04,EIB,-4155085000,-243700
2026-09-04,FPT,69916392000,960390
2026-09-04,FRT,1901477500,13325
2026-09-04,FTS,-224612250,-10005
2026-09-04,GAS,-5277300000,-62825
2026-09-04,GEX,-1248195000,-48100
2026-09-04,GMD,-20255580000,-261700
2026-09-04,HAH,-6343680000,-134400
2026-09-04,HCM,18577680000,703700
2026-09-04,HDB,-50766379200,-1866411
2026-09-04,HDG,22038100000,1259320
2026-09-04,HPG,-71573023200,-3298296
2026-09-04,HSG,-1128900000,-106500
2026-09-04,IJC,-344160000,-47800
2026-09-04,KBC,-1032510000,-38100
2026-09-04,KDH,-50189030000,-2901100
2026-09-04,LPB,15718857000,320793
2026-09-04,MBB,-22057239750,-1073345
2026-09-04,MBS,-99120000,-5600
2026-09-04,MCH,101371670000,713885
2026-09-04,MSB,-6708735500,-510170
2026-09-04,MSN,-12150555000,-176095
2026-09-04,MWG,233920000,3200
2026-09-04,NAB,-1839915000,-159300
2026-09-04,NKG,-1045975000,-97300
2026-09-04,NLG,14227520000,553600
2026-09-04,NT2,-3877320000,-189600
2026-09-04,NVL,-34269952500,-2626050
2026-09-04,OCB,-20484935000,-1941700
2026-09-04,ORS,-928860000,-67800
2026-09-04,PDR,-1251354000,-102570
2026-09-04,PLX,6123600000,170100
2026-09-04,PNJ,12695569650,316993
2026-09-04,POW,-20448205000,-1591300
2026-09-04,PVD,664320000,34600
2026-09-04,PVS,12805830000,330900
2026-09-04,SAB,656214500,14470
2026-09-04,SHB,26186819000,2173180
2026-09-04,SSB,-518265000,-29700
2026-09-04,SSI,-11900196500,-565330
2026-09-04,STB,64977916200,840594
2026-09-04,SZC,0,0
2026-09-04,TCB,9812600000,301000
2026-09-04,TPB,26093970000,1775100
2026-09-04,VCB,-79530137300,-1350257
2026-09-04,VCI,6324280000,283600
2026-09-04,VHC,-3017070000,-57468
2026-09-04,VHM,132024278400,1755642
2026-09-04,VIB,29738800000,1976000
2026-09-04,VIC,154975585700,605137
2026-09-04,VIX,-10449824000,-746416
2026-09-04,VJC,-3460726500,-27797
2026-09-04,VND,-2787675000,-170500
2026-09-04,VNM,16163389900,261121
2026-09-04,VPB,98136780000,3530100
2026-09-04,VRE,14606270000,551180
2026-09-04,VSC,-3149740000,-226600
2026-09-04,VTP,2660982300,51871
2026-09-07,ACB,-2034540000,-91440
2026-09-07,AGR,-7800000,-600
2026-09-07,ANV,-654345000,-39300
2026-09-07,BID,-3600792000,-100022
2026-09-07,BSI,-1317040500,-45970
2026-09-07,BSR,-12873850000,-489500
2026-09-07,BVH,-2159529000,-33690
2026-09-07,CTD,-317720000,-5200
2026-09-07,CTG,-73195799600,-2376487
2026-09-07,CTS,-1458240000,-65100
2026-09-07,DBC,-2525550000,-149000
2026-09-07,DCM,12452880000,391600
2026-09-07,DGC,925900000,19700
2026-09-07,DGW,-12528296000,-299720
2026-09-07,DIG,1345320000,121200
2026-09-07,DPM,-6405875700,-287259
2026-09-07,DXG,-42944450000,-3734300
2026-09-07,EIB,-809510000,-47900
2026-09-07,FPT,-5131712000,-70880
2026-09-07,FRT,-5871474400,-43046
2026-09-07,FTS,-311740000,-14300
2026-09-07,GAS,-13777920000,-166400
2026-09-07,GEX,-1805440000,-72800
2026-09-07,GMD,-22332979200,-290794
2026-09-07,HAH,-8278022500,-177070
2026-09-07,HCM,16439280000,622700
2026-09-07,HDB,53991197400,1974084
2026-09-07,HDG,-3396770000,-199810
2026-09-07,HPG,-3177094950,-147429
2026-09-07,HSG,-866020000,-81700
2026-09-07,IJC,-40040000,-5600
2026-09-07,KBC,6982240000,256700
2026-09-07,KDH,6697100000,386000
2026-09-07,LPB,-4493325000,-90500
2026-09-07,MBB,-32886428200,-1628041
2026-09-07,MBS,91690000,5300
2026-09-07,MCH,11457440000,80800
2026-09-07,MSB,-3488826500,-265310
2026-09-07,MSN,-3120339600,-45486
2026-09-07,MWG,-684000000,-9500
2026-09-07,NAB,-949878000,-84060
2026-09-07,NKG,789660000,73800
2026-09-07,NLG,16878450000,661900
2026-09-07,NT2,-1398780000,-68400
2026-09-07,NVL,-25838800000,-1987600
2026-09-07,OCB,-25225936750,-2461067
2026-09-07,ORS,-586360000,-42800
2026-09-07,PDR,4840485000,401700
2026-09-07,PLX,-6825778500,-194190
2026-09-07,PNJ,-21245913600,-553279
2026-09-07,POW,-3302450000,-257000
2026-09-07,PVD,984107500,53195
2026-09-07,PVS,-638538700,-17119
2026-09-07,SAB,-5386485000,-120100
2026-09-07,SHB,-43402132200,-3647238
2026-09-07,SSB,-1156680000,-64800
2026-09-07,SSI,2268063000,108780
2026-09-07,STB,-27329348000,-356780
2026-09-07,SZC,1774830000,88300
2026-09-07,TCB,-15888433000,-498070
2026-09-07,TPB,3911040000,268800
2026-09-07,VCB,-91219384000,-1572748
2026-09-07,VCI,3417750000,157500
2026-09-07,VHC,-741352500,-14175
2026-09-07,VHM,17265449500,231751
2026-09-07,VIB,-7256300000,-487000
2026-09-07,VIC,-51916480000,-211904
2026-09-07,VIX,-29064560000,-2137100
2026-09-07,VJC,6047500000,48380
2026-09-07,VND,-1787200000,-111700
2026-09-07,VNM,-25691882000,-423260
2026-09-07,VPB,33829614000,1239180
2026-09-07,VRE,42608646000,1578098
2026-09-07,VSC,7208000000,530000
2026-09-07,VTP,1911052000,36751
2026-09-08,ACB,7753977600,347712
2026-09-08,AGR,-10440000,-800
2026-09-08,ANV,-89650000,-5500
2026-09-08,BID,8201001400,226547
2026-09-08,BSI,-640010000,-22300
2026-09-08,BSR,-9624744000,-356472
2026-09-08,BVH,-1934100000,-30700
2026-09-08,CTD,274400100,4491
2026-09-08,CTG,-22337292000,-726416
2026-09-08,CTS,107040000,4800
2026-09-08,DBC,-1006423750,-60085
2026-09-08,DCM,-3227447000,-98548
2026-09-08,DGC,406285000,8900
2026-09-08,DGW,1296087200,30896
2026-09-08,DIG,-5126250500,-500122
2026-09-08,DPM,-14132405100,-618486
2026-09-08,DXG,-55409484000,-4818216
2026-09-08,EIB,-17470250,-1043
2026-09-08,FPT,64577629400,894427
2026-09-08,FRT,4165330500,29859
2026-09-08,FTS,-178698000,-8216
2026-09-08,GAS,17640697200,209013
2026-09-08,GEX,5119804300,208546
2026-09-08,GMD,-14973525000,-199647
2026-09-08,HAH,-9302100000,-202000
2026-09-08,HCM,29458221500,1111631
2026-09-08,HDB,10755743050,393263
2026-09-08,HDG,-3358305000,-201700
2026-09-08,HPG,26256052500,1201650
2026-09-08,HSG,201877000,19045
2026-09-08,IJC,202774000,28600
2026-09-08,KBC,-3089070000,-114410
2026-09-08,KDH,-16337282400,-949842
2026-09-08,LPB,18987500000,387500
2026-09-08,MBB,409911450,20343
2026-09-08,MBS,297265900,17183
2026-09-08,MCH,19191250600,134581
2026-09-08,MSB,-3883167500,-296425
2026-09-08,MSN,-22257633600,-325404
2026-09-08,MWG,-874902300,-12101
2026-09-08,NAB,-413286200,-36574
2026-09-08,NKG,-109650000,-10200
2026-09-08,NLG,-24681950000,-987278
2026-09-08,NT2,-1118615000,-54700
2026-09-08,NVL,-17449404300,-1352667
2026-09-08,OCB,-17864917400,-1734458
2026-09-08,ORS,-26030000,-1900
2026-09-08,PDR,-224172000,-18681
2026-09-08,PLX,7275125000,203500
2026-09-08,PNJ,-12240000000,-318750
2026-09-08,POW,-23807781750,-1867277
2026-09-08,PVD,-44861679800,-2405452
2026-09-08,PVS,8705236500,223785
2026-09-08,SAB,2345491000,52180
2026-09-08,SHB,-22845378000,-1927880
2026-09-08,SSB,-1170522000,-65029
2026-09-08,SSI,-821583000,-39123
2026-09-08,STB,-32324616500,-424765
2026-09-08,SZC,-672620000,-33800
2026-09-08,TCB,-4914964350,-153833
2026-09-08,TPB,-1044058000,-72004
2026-09-08,VCB,-86767760100,-1493421
2026-09-08,VCI,3238225900,149227
2026-09-08,VHC,-133318800,-2554
2026-09-08,VHM,-30228844800,-410718
2026-09-08,VIB,42470076600,2821932
2026-09-08,VIC,15661651200,62747
2026-09-08,VIX,6356446250,462287
2026-09-08,VJC,6298614000,49989
2026-09-08,VND,-4713210900,-293658
2026-09-08,VNM,-37083608000,-607928
2026-09-08,VPB,-77641927800,-2833647
2026-09-08,VRE,-39390468600,-1503453
2026-09-08,VSC,-9625000,-700
2026-09-08,VTP,-1161376500,-22551
2026-09-09,ACB,-15896845000,-708100
2026-09-09,AGR,2570000,200
2026-09-09,ANV,-872050000,-53500
2026-09-09,BID,12642156800,347312
2026-09-09,BSI,-125369000,-4430
2026-09-09,BSR,36692760000,1341600
2026-09-09,BVH,2171065000,34190
2026-09-09,CTD,-651664300,-10843
2026-09-09,CTG,-29187840800,-950744
2026-09-09,CTS,-1776082000,-80731
2026-09-09,DBC,-1610200000,-97000
2026-09-09,DCM,-30798745000,-943300
2026-09-09,DGC,-3471700000,-74500
2026-09-09,DGW,-552420000,-13200
2026-09-09,DIG,-4408525000,-430100
2026-09-09,DPM,-6600600000,-289500
2026-09-09,DXG,-20188738200,-1786614
2026-09-09,EIB,6700000,400
2026-09-09,FPT,104566668400,1444291
2026-09-09,FRT,1837318500,13077
2026-09-09,FTS,-57780000,-2700
2026-09-09,GAS,37162690900,433637
2026-09-09,GEX,-9805092600,-398581
2026-09-09,GMD,-2509920000,-33200
2026-09-09,HAH,-4624584000,-99240
2026-09-09,HCM,8633577500,327650
2026-09-09,HDB,109272900000,3973560
2026-09-09,HDG,-6729480000,-415400
2026-09-09,HPG,234818829000,10649380
2026-09-09,HSG,208417200,19662
2026-09-09,IJC,-126914000,-17800
2026-09-09,KBC,-4422495000,-164100
2026-09-09,KDH,-12206000000,-718000
2026-09-09,LPB,7150275000,148500
2026-09-09,MBB,8537913800,422669
2026-09-09,MBS,35910000,2100
2026-09-09,MCH,15662600000,110300
2026-09-09,MSB,-4763970000,-369300
2026-09-09,MSN,-6629328000,-96920
2026-09-09,MWG,-136254800,-1903
2026-09-09,NAB,-280125000,-24900
2026-09-09,NKG,-391181750,-36389
2026-09-09,NLG,9049600000,358400
2026-09-09,NT2,972615000,47100
2026-09-09,NVL,-4650308000,-357716
2026-09-09,OCB,-20109403300,-1981222
2026-09-09,ORS,-566390000,-41800
2026-09-09,PDR,-802716000,-66893
2026-09-09,PLX,6039460000,168700
2026-09-09,PNJ,-45090292500,-1188150
2026-09-09,POW,-4846530000,-375700
2026-09-09,PVD,-9569426900,-513106
2026-09-09,PVS,-670272000,-17455
2026-09-09,SAB,62510000,1400
2026-09-09,SHB,-64627620250,-5500223
2026-09-09,SSB,-84322800,-4764
2026-09-09,SSI,-13769338000,-658820
2026-09-09,STB,-57778263400,-753302
2026-09-09,SZC,-54880000,-2800
2026-09-09,TCB,107155483200,3307268
2026-09-09,TPB,-1084067900,-75022
2026-09-09,VCB,-107220128600,-1826578
2026-09-09,VCI,-7831280000,-369400
2026-09-09,VHC,-1693250000,-32500
2026-09-09,VHM,-289201319400,-4011114
2026-09-09,VIB,29254500000,1950300
2026-09-09,VIC,-117523494300,-474459
2026-09-09,VIX,-43268699200,-3181522
2026-09-09,VJC,-3689375000,-29515
2026-09-09,VND,-4778775000,-301500
2026-09-09,VNM,35900222400,585648
2026-09-09,VPB,-50081720000,-1827800
2026-09-09,VRE,19454110000,739700
2026-09-09,VSC,410143500,30381
2026-09-09,VTP,-1342958400,-26646
2026-09-10,ACB,12270025600,547769
2026-09-10,AGR,-44200000,-3400
2026-09-10,ANV,108540000,6700
2026-09-10,BID,5408880000,148800
2026-09-10,BSI,140000000,5000
2026-09-10,BSR,10265480000,378800
2026-09-10,BVH,-1864800000,-29600
2026-09-10,CTD,-5870500000,-99500
2026-09-10,CTG,-74158230900,-2427438
2026-09-10,CTS,591850000,26600
2026-09-10,DBC,-1641750000,-99500
2026-09-10,DCM,2681250000,82500
2026-09-10,DGC,954100000,20300
2026-09-10,DGW,86720980250,1937899
2026-09-10,DIG,-1029961000,-100484
2026-09-10,DPM,-2278080000,-100800
2026-09-10,DXG,3100455000,275596
2026-09-10,EIB,-470115000,-27900
2026-09-10,FPT,222264343000,2983414
2026-09-10,FRT,-17014200000,-121530
2026-09-10,FTS,1095680000,51200
2026-09-10,GAS,-3264714000,-38590
2026-09-10,GEX,8166300000,326000
2026-09-10,GMD,-3878289600,-51573
2026-09-10,HAH,-2491590000,-52900
2026-09-10,HCM,257634800,9796
2026-09-10,HDB,-39622263300,-1443434
2026-09-10,HDG,-1292000000,-80000
2026-09-10,HPG,41542531000,1901260
2026-09-10,HSG,161700000,15400
2026-09-10,IJC,-565600000,-80000
2026-09-10,KBC,-1714500000,-63500
2026-09-10,KDH,-1288600000,-75800
2026-09-10,LPB,6254492400,129896
2026-09-10,MBB,-24618480000,-1224800
2026-09-10,MBS,179550000,10500
2026-09-10,MCH,6375800000,44900
2026-09-10,MSB,-1703702000,-131560
2026-09-10,MSN,39015417000,567910
2026-09-10,MWG,126700200,1738
2026-09-10,NAB,1461375000,129900
2026-09-10,NKG,-700770000,-65800
2026-09-10,NLG,2306400000,93000
2026-09-10,NT2,-486720000,-23400
2026-09-10,NVL,4038755000,314300
2026-09-10,OCB,-330480000,-32400
2026-09-10,ORS,380635000,28300
2026-09-10,PDR,2307600000,192300
2026-09-10,PLX,-323050000,-9100
2026-09-10,PNJ,7637249600,199928
2026-09-10,POW,-3456650000,-269000
2026-09-10,PVD,-3240922500,-175185
2026-09-10,PVS,15034756500,388495
2026-09-10,SAB,977730000,21800
2026-09-10,SHB,-10988600000,-935200
2026-09-10,SSB,9845964000,546998
2026-09-10,SSI,-10764348000,-512588
2026-09-10,STB,13610922000,174499
2026-09-10,SZC,-1604625000,-82500
2026-09-10,TCB,30776760000,949900
2026-09-10,TPB,-7343490000,-508200
2026-09-10,VCB,30409367000,515413
2026-09-10,VCI,-2630550000,-123500
2026-09-10,VHC,-6717494400,-130184
2026-09-10,VHM,-299546329100,-4097761
2026-09-10,VIB,-1192379500,-87035
2026-09-10,VIC,248851061900,1004647
2026-09-10,VIX,22032031200,1596524
2026-09-10,VJC,-1289560000,-10300
2026-09-10,VND,-38112910000,-2404600
2026-09-10,VNM,13243692000,214995
2026-09-10,VPB,28550390000,1038196
2026-09-10,VRE,1446656300,54694
2026-09-10,VSC,-2380735000,-175700
2026-09-10,VTP,5601258800,110261
2026-09-11,ACB,-21620311650,-980513
2026-09-11,AGR,-1265000,-100
2026-09-11,ANV,98595000,6300
2026-09-11,BID,-15720960000,-441600
2026-09-11,BSI,-192960000,-7200
2026-09-11,BSR,108797705000,3949100
2026-09-11,BVH,5132160000,80190
2026-09-11,CTD,58000000,1000
2026-09-11,CTG,-22428806250,-748875
2026-09-11,CTS,1068550000,49700
2026-09-11,DBC,-2945600000,-184100
2026-09-11,DCM,17621500000,542200
2026-09-11,DGC,-4249575000,-90900
2026-09-11,DGW,41407440000,932600
2026-09-11,DIG,-7474185000,-743700
2026-09-11,DPM,-8034880000,-358700
2026-09-11,DXG,-1532950000,-142600
2026-09-11,EIB,-1752240000,-104300
2026-09-11,FPT,153324300,2109
2026-09-11,FRT,4096300000,29900
2026-09-11,FTS,2424900000,118000
2026-09-11,GAS,-12899737400,-155606
2026-09-11,GEX,173517750,7245
2026-09-11,GMD,-15128880000,-202800
2026-09-11,HAH,-8161780000,-177430
2026-09-11,HCM,3613350000,141700
2026-09-11,HDB,-49266359600,-1838297
2026-09-11,HDG,-1639660000,-102800
2026-09-11,HPG,-41596365300,-1952881
2026-09-11,HSG,340680000,33400
2026-09-11,IJC,-1087316160,-160608
2026-09-11,KBC,-2671200000,-100800
2026-09-11,KDH,-20637560400,-1266108
2026-09-11,LPB,7831590000,167700
2026-09-11,MBB,-139718254500,-7074342
2026-09-11,MBS,226050000,13700
2026-09-11,MCH,9713441800,68501
2026-09-11,MSB,-1517740000,-117200
2026-09-11,MSN,-39353037500,-591775
2026-09-11,MWG,1077343000,15110
2026-09-11,NAB,-987840000,-88200
2026-09-11,NKG,-2916180000,-285900
2026-09-11,NLG,29405350000,1190500
2026-09-11,NT2,-787200000,-38400
2026-09-11,NVL,-22815220000,-1870100
2026-09-11,OCB,-5521260000,-541300
2026-09-11,ORS,1471600000,113200
2026-09-11,PDR,-1701400000,-144800
2026-09-11,PLX,-3160960000,-89800
2026-09-11,PNJ,38699272200,1037514
2026-09-11,POW,-91992600,-7301
2026-09-11,PVD,-10724886550,-578161
2026-09-11,PVS,20362176000,530265
2026-09-11,SAB,-3929003850,-89601
2026-09-11,SHB,4282428150,370773
2026-09-11,SSB,8419830000,460100
2026-09-11,SSI,-17117589300,-843231
2026-09-11,STB,-225730145900,-2920183
2026-09-11,SZC,-36000000,-2000
2026-09-11,TCB,33406856400,1057179
2026-09-11,TPB,-9428145000,-666300
2026-09-11,VCB,25958364000,446020
2026-09-11,VCI,-52640573250,-2625465
2026-09-11,VHC,-1794599800,-35749
2026-09-11,VHM,-93271896000,-1295443
2026-09-11,VIB,-2811053750,-212155
2026-09-11,VIC,63365781900,260443
2026-09-11,VIX,-18875923500,-1424598
2026-09-11,VJC,7382240000,59200
2026-09-11,VND,-8256750000,-545000
2026-09-11,VNM,-70812522100,-1182179
2026-09-11,VPB,-130459964250,-4840815
2026-09-11,VRE,-2931251200,-114502
2026-09-11,VSC,-412100000,-31700
2026-09-11,VTP,1124689500,22721
2026-09-14,ACB,39381873300,1786026
2026-09-14,AGR,12650000,1000
2026-09-14,ANV,388620000,25400
2026-09-14,BID,50975782000,1425896
2026-09-14,BSI,1078550000,40700
2026-09-14,BSR,73308840000,2572240
2026-09-14,BVH,22664400000,333300
2026-09-14,CTD,-302644000,-5218
2026-09-14,CTG,44025854550,1474903
2026-09-14,CTS,3554265000,165700
2026-09-14,DBC,-824200000,-52000
2026-09-14,DCM,30853460000,950800
2026-09-14,DGC,-1828860000,-48900
2026-09-14,DGW,55287400000,1201900
2026-09-14,DIG,-3113000000,-311300
2026-09-14,DPM,-2442037500,-110750
2026-09-14,DXG,4441448500,413158
2026-09-14,EIB,7816000000,488500
2026-09-14,FPT,117229211200,1619188
2026-09-14,FRT,8169658000,61426
2026-09-14,FTS,458641800,22818
2026-09-14,GAS,47295430400,551872
2026-09-14,GEX,13960981900,626053
2026-09-14,GMD,-14166167000,-189895
2026-09-14,HAH,-19225115000,-427700
2026-09-14,HCM,3833775000,154900
2026-09-14,HDB,45852414800,1710911
2026-09-14,HDG,-3605160000,-231100
2026-09-14,HPG,-168763194600,-8074794
2026-09-14,HSG,-2090700000,-207000
2026-09-14,IJC,135519000,19900
2026-09-14,KBC,-2498923500,-94299
2026-09-14,KDH,-1071226700,-68231
2026-09-14,LPB,22066200000,479700
2026-09-14,MBB,135492797900,6877807
2026-09-14,MBS,165640000,10100
2026-09-14,MCH,17543806500,123635
2026-09-14,MSB,-851200000,-66500
2026-09-14,MSN,4833228600,72571
2026-09-14,MWG,513937400,7363
2026-09-14,NAB,-371295000,-33300
2026-09-14,NKG,-2487135100,-246251
2026-09-14,NLG,-8723375000,-367300
2026-09-14,NT2,-1379835000,-68140
2026-09-14,NVL,3332998400,278912
2026-09-14,OCB,-423402000,-41510
2026-09-14,ORS,2715700000,208900
2026-09-14,PDR,4774770000,413400
2026-09-14,PLX,13860300000,393200
2026-09-14,PNJ,79581576300,2216757
2026-09-14,POW,7193240000,580100
2026-09-14,PVD,7754340000,409200
2026-09-14,PVS,-27488320000,-843200
2026-09-14,SAB,11682435000,261060
2026-09-14,SHB,-25381074000,-2226410
2026-09-14,SSB,63626648000,3254560
2026-09-14,SSI,-66381000,-3270
2026-09-14,STB,-48946042000,-640655
2026-09-14,SZC,-179520000,-10200
2026-09-14,TCB,130987934350,4112651
2026-09-14,TPB,-6130600000,-437900
2026-09-14,VCB,95661891000,1635246
2026-09-14,VCI,-40064360000,-2044100
2026-09-14,VHC,1207200000,24000
2026-09-14,VHM,-39915605100,-556703
2026-09-14,VIB,-3813071750,-287779
2026-09-14,VIC,-76911971200,-318608
2026-09-14,VIX,41461560000,3290600
2026-09-14,VJC,-8315414000,-67660
2026-09-14,VND,-41208543800,-2822503
2026-09-14,VNM,-64225280100,-1083057
2026-09-14,VPB,149732382400,5504867
2026-09-14,VRE,14450900000,561200
2026-09-14,VSC,26713180000,2103400
2026-09-14,VTP,3502800000,72000
2026-09-15,ACB,11516243700,521097
2026-09-15,AGR,-16445000,-1300
2026-09-15,ANV,250415000,15700
2026-09-15,BID,125545408000,3411560
2026-09-15,BSI,-862410000,-32300
2026-09-15,BSR,161898387000,5316860
2026-09-15,BVH,32572800000,464000
2026-09-15,CTD,11660000,200
2026-09-15,CTG,96406909950,3155709
2026-09-15,CTS,909230000,41900
2026-09-15,DBC,-52800000,-3300
2026-09-15,DCM,17028440000,503800
2026-09-15,DGC,-11312490000,-313800
2026-09-15,DGW,24089890000,520300
2026-09-15,DIG,-298000000,-29800
2026-09-15,DPM,19276715000,836300
2026-09-15,DXG,-49450000,-4600
2026-09-15,EIB,-510370000,-31700
2026-09-15,FPT,81769252300,1124749
2026-09-15,FRT,-16874103000,-130807
2026-09-15,FTS,-744702000,-36505
2026-09-15,GAS,50473639200,552228
2026-09-15,GEX,1912588000,83156
2026-09-15,GMD,5768100000,75400
2026-09-15,HAH,-3288015000,-70710
2026-09-15,HCM,399885000,15900
2026-09-15,HDB,84319075500,3111405
2026-09-15,HDG,-1158635000,-73100
2026-09-15,HPG,-38905010400,-1835142
2026-09-15,HSG,-72207100,-7114
2026-09-15,IJC,547860000,79400
2026-09-15,KBC,-16593205500,-635755
2026-09-15,KDH,-11763960000,-754100
2026-09-15,LPB,13129000000,276400
2026-09-15,MBB,98729020000,4936451
2026-09-15,MBS,-23240000,-1400
2026-09-15,MCH,51052001000,357007
2026-09-15,MSB,8444160000,659700
2026-09-15,MSN,15800784200,234433
2026-09-15,MWG,-7120000,-100
2026-09-15,NAB,1930500000,171600
2026-09-15,NKG,-146450000,-14500
2026-09-15,NLG,-6954660000,-291600
2026-09-15,NT2,-3651050000,-178100
2026-09-15,NVL,1829784000,152482
2026-09-15,OCB,-141367500,-13725
2026-09-15,ORS,-91700000,-7000
2026-09-15,PDR,-708760000,-61100
2026-09-15,PLX,58732875000,1572500
2026-09-15,PNJ,59085020400,1588307
2026-09-15,POW,-6146565000,-493700
2026-09-15,PVD,-1363100850,-69369
2026-09-15,PVS,-7105563000,-207765
2026-09-15,SAB,7938810000,178200
2026-09-15,SHB,41626488750,3604025
2026-09-15,SSB,92505490000,4426100
2026-09-15,SSI,-16777278350,-812459
2026-09-15,STB,-65668788000,-864063
2026-09-15,SZC,-1045980000,-59600
2026-09-15,TCB,104714400000,3252000
2026-09-15,TPB,-7372574500,-521030
2026-09-15,VCB,230049960000,3834166
2026-09-15,VCI,-33925320000,-1713400
2026-09-15,VHC,-3118050000,-61500
2026-09-15,VHM,-211717564800,-2965232
2026-09-15,VIB,7083733500,524721
2026-09-15,VIC,-343244182700,-1422479
2026-09-15,VIX,-33966770700,-2633083
2026-09-15,VJC,-435400000,-3500
2026-09-15,VND,-34309461900,-2333977
2026-09-15,VNM,1794522300,30059
2026-09-15,VPB,48100382400,1739616
2026-09-15,VRE,3890980000,151400
2026-09-15,VSC,3493955000,265700
2026-09-15,VTP,2506680000,50640
2026-09-16,ACB,72866920000,3224200
2026-09-16,AGR,5040000,400
2026-09-16,ANV,-221200000,-14000
2026-09-16,BID,-8073698500,-222110
2026-09-16,BSI,34125000,1300
2026-09-16,BSR,110526435000,3611975
2026-09-16,BVH,24864200000,350200
2026-09-16,CTD,-270250000,-4700
2026-09-16,CTG,34299030000,1111800
2026-09-16,CTS,-773829000,-36330
2026-09-16,DBC,-375645000,-23700
2026-09-16,DCM,-11643240000,-348600
2026-09-16,DGC,-9058000000,-258800
2026-09-16,DGW,8694150000,194500
2026-09-16,DIG,-171428400,-17160
2026-09-16,DPM,4979638000,216506
2026-09-16,DXG,-2510224800,-237936
2026-09-16,EIB,-9991125000,-622500
2026-09-16,FPT,118964345400,1611983
2026-09-16,FRT,-8056192000,-62939
2026-09-16,FTS,-1847755000,-91700
2026-09-16,GAS,35151722400,393196
2026-09-16,GEX,-17781614100,-774798
2026-09-16,GMD,-24930236000,-325460
2026-09-16,HAH,1537380000,32400
2026-09-16,HCM,-12203490000,-490100
2026-09-16,HDB,49257610400,1817624
2026-09-16,HDG,425325000,26500
2026-09-16,HPG,-37240531450,-1777591
2026-09-16,HSG,-321600000,-32000
2026-09-16,IJC,23392000,3400
2026-09-16,KBC,-29294174000,-1126699
2026-09-16,KDH,-17056440000,-1114800
2026-09-16,LPB,1596665000,34300
2026-09-16,MBB,96643225000,4760750
2026-09-16,MBS,-8200000,-500
2026-09-16,MCH,95634605000,659549
2026-09-16,MSB,2203775000,171500
2026-09-16,MSN,-2168932000,-32180
2026-09-16,MWG,42185000,590
2026-09-16,NAB,2625480000,224400
2026-09-16,NKG,-560876000,-56200
2026-09-16,NLG,-1422000000,-60000
2026-09-16,NT2,-1070100000,-52200
2026-09-16,NVL,-7122150000,-581400
2026-09-16,OCB,-420240000,-40800
2026-09-16,ORS,-1283800000,-98000
2026-09-16,PDR,-880110000,-76200
2026-09-16,PLX,52895998400,1384712
2026-09-16,PNJ,-29073329250,-791111
2026-09-16,POW,-3033470000,-239800
2026-09-16,PVD,-24803028900,-1259037
2026-09-16,PVS,24358488000,710160
2026-09-16,SAB,-4237789500,-96095
2026-09-16,SHB,-578450000,-50300
2026-09-16,SSB,58802850000,2631000
2026-09-16,SSI,7932300,386
2026-09-16,STB,-23119000000,-305000
2026-09-16,SZC,428220000,24400
2026-09-16,TCB,46552770000,1434600
2026-09-16,TPB,-24529400000,-1752100
2026-09-16,VCB,-13898437500,-234375
2026-09-16,VCI,-30332225000,-1575700
2026-09-16,VHC,-1669960000,-33200
2026-09-16,VHM,-204702443000,-2883133
2026-09-16,VIB,3270970000,241400
2026-09-16,VIC,-149399280000,-619400
2026-09-16,VIX,-66326606500,-5243210
2026-09-16,VJC,-963478000,-7745
2026-09-16,VND,-22973800000,-1584400
2026-09-16,VNM,7018794000,117765
2026-09-16,VPB,33558840000,1215900
2026-09-16,VRE,-9047400000,-354800
2026-09-16,VSC,-340605000,-26100
2026-09-16,VTP,-1269115200,-25587
2026-09-17,ACB,67711440000,2969800
2026-09-17,AGR,109650000,8500
2026-09-17,ANV,2142400000,133900
2026-09-17,BID,1761306400,47992
2026-09-17,BSI,-14580000,-540
2026-09-17,BSR,111686600000,3638000
2026-09-17,BVH,-7280684600,-104909
2026-09-17,CTD,429240000,7300
2026-09-17,CTG,40232286200,1281283
2026-09-17,CTS,-311690000,-14200
2026-09-17,DBC,1951680000,121600
2026-09-17,DCM,-4188560000,-127700
2026-09-17,DGC,-9788690000,-277300
2026-09-17,DGW,8467100000,186500
2026-09-17,DIG,-377740000,-37400
2026-09-17,DPM,-141980000,-6200
2026-09-17,DXG,-4089960000,-378700
2026-09-17,EIB,-11678875000,-718700
2026-09-17,FPT,118079566100,1589227
2026-09-17,FRT,-11555830000,-88891
2026-09-17,FTS,-26780000,-1300
2026-09-17,GAS,3940750800,44478
2026-09-17,GEX,-4526100000,-192600
2026-09-17,GMD,-9919700000,-129500
2026-09-17,HAH,-2554794400,-53336
2026-09-17,HCM,-7038864800,-278216
2026-09-17,HDB,144221150400,5225404
2026-09-17,HDG,-162105000,-10100
2026-09-17,HPG,-2185592800,-103094
2026-09-17,HSG,1527120000,151200
2026-09-17,IJC,548654000,79400
2026-09-17,KBC,-24289200000,-934200
2026-09-17,KDH,-17067960000,-1094100
2026-09-17,LPB,-5547952500,-116799
2026-09-17,MBB,119949425250,5836955
2026-09-17,MBS,-73920000,-4400
2026-09-17,MCH,78580320000,539700
2026-09-17,MSB,7874160000,610400
2026-09-17,MSN,-26500488000,-391440
2026-09-17,MWG,-475150000,-6500
2026-09-17,NAB,-3364760000,-275800
2026-09-17,NKG,1730000000,173000
2026-09-17,NLG,-9416875000,-396500
2026-09-17,NT2,530190000,25800
2026-09-17,NVL,-7272437500,-581795
2026-09-17,OCB,471960000,45600
2026-09-17,ORS,-1275680000,-95200
2026-09-17,PDR,-1971585000,-170700
2026-09-17,PLX,21940632000,580440
2026-09-17,PNJ,-43612878750,-1186745
2026-09-17,POW,-6181560000,-490600
2026-09-17,PVD,-15092481250,-784025
2026-09-17,PVS,-26318721600,-790352
2026-09-17,SAB,-2693440000,-60800
2026-09-17,SHB,19197396800,1654948
2026-09-17,SSB,42245409500,1801510
2026-09-17,SSI,-53594903700,-2534038
2026-09-17,STB,-21122640000,-277200
2026-09-17,SZC,-753655000,-42700
2026-09-17,TCB,-29030159800,-889132
2026-09-17,TPB,-22163875000,-1577500
2026-09-17,VCB,-27456170400,-460674
2026-09-17,VCI,-51898240000,-2594912
2026-09-17,VHC,-3518580000,-69400
2026-09-17,VHM,-185475399400,-2601338
2026-09-17,VIB,7360619200,541222
2026-09-17,VIC,-183642202800,-761369
2026-09-17,VIX,-158057441500,-12300190
2026-09-17,VJC,7991823600,63027
2026-09-17,VND,-45615080000,-3082100
2026-09-17,VNM,1565802000,26010
2026-09-17,VPB,-48887520000,-1733600
2026-09-17,VRE,-16576809600,-642512
2026-09-17,VSC,-4028640000,-305200
2026-09-17,VTP,-1313075000,-26500
2026-09-18,ACB,-49001250000,-2237500
2026-09-18,AGR,-12900000,-1000
2026-09-18,ANV,-254400000,-15900
2026-09-18,BID,7147676250,199935
2026-09-18,BSI,0,0
2026-09-18,BSR,-33370969800,-1104999
2026-09-18,BVH,-5082700000,-74200
2026-09-18,CTD,398191000,6749
2026-09-18,CTG,-160270550000,-5298200
2026-09-18,CTS,-114140000,-5200
2026-09-18,DBC,-438165000,-27300
2026-09-18,DCM,3027380000,91600
2026-09-18,DGC,-744165000,-20700
2026-09-18,DGW,19346600000,425200
2026-09-18,DIG,9302400000,912000
2026-09-18,DPM,114250000,5000
2026-09-18,DXG,-25481340000,-2403900
2026-09-18,EIB,-5441241200,-331783
2026-09-18,FPT,129813280200,1810506
2026-09-18,FRT,-18101506500,-138285
2026-09-18,FTS,1696590000,80790
2026-09-18,GAS,-15179736000,-172497
2026-09-18,GEX,63172917600,2589054
2026-09-18,GMD,14122710000,182700
2026-09-18,HAH,-1476860000,-30800
2026-09-18,HCM,39326125500,1542201
2026-09-18,HDB,137600292500,5003647
2026-09-18,HDG,-355810000,-22100
2026-09-18,HPG,250649364550,11631061
2026-09-18,HSG,1104320000,108800
2026-09-18,IJC,433192000,62600
2026-09-18,KBC,-12867400000,-494900
2026-09-18,KDH,-17304476000,-1095220
2026-09-18,LPB,-11745600000,-244700
2026-09-18,MBB,-103126635700,-5182243
2026-09-18,MBS,-30600000,-1800
2026-09-18,MCH,163963800000,1146600
2026-09-18,MSB,25730340000,1994600
2026-09-18,MSN,115772335200,1692578
2026-09-18,MWG,-2327250000,-32100
2026-09-18,NAB,-1048800000,-87400
2026-09-18,NKG,-10971966000,-1109400
2026-09-18,NLG,-233770000,-9700
2026-09-18,NT2,954720000,45900
2026-09-18,NVL,202069862400,15786708
2026-09-18,OCB,655200000,62400
2026-09-18,ORS,-64320000,-4800
2026-09-18,PDR,5755750000,500500
2026-09-18,PLX,-16560720000,-442800
2026-09-18,PNJ,266700299250,7257151
2026-09-18,POW,1090416600,86541
2026-09-18,PVD,-12883238400,-671002
2026-09-18,PVS,-2780550000,-83500
2026-09-18,SAB,-4735670000,-106900
2026-09-18,SHB,221346417800,18758171
2026-09-18,SSB,103454070000,4292700
2026-09-18,SSI,126050964800,5890232
2026-09-18,STB,201844209600,2581128
2026-09-18,SZC,67830000,3800
2026-09-18,TCB,-197341968400,-6244999
2026-09-18,TPB,-17530318500,-1243285
2026-09-18,VCB,56810238200,948418
2026-09-18,VCI,50339971150,2437771
2026-09-18,VHC,-12870690000,-256900
2026-09-18,VHM,-64157517000,-903627
2026-09-18,VIB,2225436000,163635
2026-09-18,VIC,-320263189200,-1327791
2026-09-18,VIX,22156868950,1684933
2026-09-18,VJC,126361950000,979550
2026-09-18,VND,14481435200,952726
2026-09-18,VNM,101869052400,1664527
2026-09-18,VPB,-116760578850,-4253573
2026-09-18,VRE,-20364708000,-798616
2026-09-18,VSC,-15041445000,-1126700
2026-09-18,VTP,-5118675000,-104250
2026-09-21,ACB,25362176000,1132240
2026-09-21,AGR,3795000,300
2026-09-21,ANV,-251200000,-15700
2026-09-21,BID,-13365438200,-369211
2026-09-21,BSI,-2200357500,-81950
2026-09-21,BSR,53019364850,1680487
2026-09-21,BVH,9132640500,129541
2026-09-21,CTD,164360000,2800
2026-09-21,CTG,53476736000,1725056
2026-09-21,CTS,3412800000,158000
2026-09-21,DBC,-121600000,-7600
2026-09-21,DCM,20964770000,622100
2026-09-21,DGC,-5132820000,-145200
2026-09-21,DGW,16528500000,367300
2026-09-21,DIG,3030000,300
2026-09-21,DPM,-10554302400,-462908
2026-09-21,DXG,2198620000,208400
2026-09-21,EIB,-22031028000,-1359940
2026-09-21,FPT,-68066108800,-1025092
2026-09-21,FRT,-8842636800,-67968
2026-09-21,FTS,836360000,40600
2026-09-21,GAS,-12076268600,-136301
2026-09-21,GEX,-34724514550,-1468267
2026-09-21,GMD,515900000,6700
2026-09-21,HAH,-7954240000,-169600
2026-09-21,HCM,-4342525000,-173701
2026-09-21,HDB,26269376400,951789
2026-09-21,HDG,-310400000,-19400
2026-09-21,HPG,-30187559000,-1430690
2026-09-21,HSG,-759520000,-75200
2026-09-21,IJC,-345925000,-50500
2026-09-21,KBC,-20260916000,-779266
2026-09-21,KDH,-7112956950,-448767
2026-09-21,LPB,-13281410000,-288100
2026-09-21,MBB,50856530000,2517650
2026-09-21,MBS,3340000,200
2026-09-21,MCH,106793687000,746809
2026-09-21,MSB,-7691670000,-589400
2026-09-21,MSN,-32949590000,-486700
2026-09-21,MWG,-7170000,-100
2026-09-21,NAB,795870000,66600
2026-09-21,NKG,-639718000,-64100
2026-09-21,NLG,-4453680000,-184800
2026-09-21,NT2,-471740000,-22900
2026-09-21,NVL,7531772050,595397
2026-09-21,OCB,-739860000,-70800
2026-09-21,ORS,-5280000,-400
2026-09-21,PDR,-491050000,-42700
2026-09-21,PLX,-26698562000,-724520
2026-09-21,PNJ,-2394810000,-64900
2026-09-21,POW,2879823400,229468
2026-09-21,PVD,11946515850,617391
2026-09-21,PVS,-25401939300,-762821
2026-09-21,SAB,-6684494000,-152440
2026-09-21,SHB,-49023920000,-4226200
2026-09-21,SSB,-9862285000,-439300
2026-09-21,SSI,-54994713400,-2631326
2026-09-21,STB,4825964000,62920
2026-09-21,SZC,-318600000,-18000
2026-09-21,TCB,43015082250,1333801
2026-09-21,TPB,-16724400000,-1194600
2026-09-21,VCB,-33677547500,-571775
2026-09-21,VCI,-32918813200,-1633688
2026-09-21,VHC,-1772060000,-35300
2026-09-21,VHM,-286928726400,-4213344
2026-09-21,VIB,-2181390000,-163400
2026-09-21,VIC,-110895560000,-471896
2026-09-21,VIX,-47941094400,-3745398
2026-09-21,VJC,-42850794000,-310513
2026-09-21,VND,-40713120000,-2769600
2026-09-21,VNM,30867992100,511907
2026-09-21,VPB,82496465000,2899700
2026-09-21,VRE,-40782307500,-1647770
2026-09-21,VSC,-1695140000,-129400
2026-09-21,VTP,-1590754250,-32969
2026-09-22,ACB,1511400000,68700
2026-09-22,AGR,-95760000,-7600
2026-09-22,ANV,505540000,31400
2026-09-22,BID,-9375401800,-258989
2026-09-22,BSI,273870000,10200
2026-09-22,BSR,1247730000,39800
2026-09-22,BVH,-44960054700,-645051
2026-09-22,CTD,-6516315000,-111390
2026-09-22,CTG,31275253550,1010509
2026-09-22,CTS,270320000,12400
2026-09-22,DBC,-36685000,-2300
2026-09-22,DCM,17711715000,521700
2026-09-22,DGC,-12214960000,-341200
2026-09-22,DGW,9015490000,199900
2026-09-22,DIG,567700800,56208
2026-09-22,DPM,-4941820000,-215800
2026-09-22,DXG,-2431640000,-229400
2026-09-22,EIB,6479655000,393900
2026-09-22,FPT,26127513000,392305
2026-09-22,FRT,-16086800000,-122800
2026-09-22,FTS,-57960000,-2800
2026-09-22,GAS,-6037200000,-70200
2026-09-22,GEX,7656329600,313784
2026-09-22,GMD,10216800000,132000
2026-09-22,HAH,-2941470000,-60900
2026-09-22,HCM,-1755000000,-70200
2026-09-22,HDB,2741225000,99500
2026-09-22,HDG,1229109000,76580
2026-09-22,HPG,235780200,11148
2026-09-22,HSG,233310000,23100
2026-09-22,IJC,-63612000,-9300
2026-09-22,KBC,444600000,17100
2026-09-22,KDH,12345600000,771600
2026-09-22,LPB,-3264150000,-70500
2026-09-22,MBB,-20336175000,-1011750
2026-09-22,MBS,-6680000,-400
2026-09-22,MCH,68016054000,474310
2026-09-22,MSB,17315910000,1282660
2026-09-22,MSN,37421603900,532313
2026-09-22,MWG,436800000,6000
2026-09-22,NAB,-1149240000,-94200
2026-09-22,NKG,-2740115000,-276500
2026-09-22,NLG,-11188380000,-470100
2026-09-22,NT2,-502150000,-24200
2026-09-22,NVL,-1608596250,-128175
2026-09-22,OCB,754490000,72200
2026-09-22,ORS,-195510000,-14700
2026-09-22,PDR,-547550000,-46600
2026-09-22,PLX,-18688000000,-512000
2026-09-22,PNJ,-17037041000,-475895
2026-09-22,POW,7674240000,599550
2026-09-22,PVD,-2271190000,-118600
2026-09-22,PVS,2753940000,82950
2026-09-22,SAB,4097977000,91780
2026-09-22,SHB,5082627050,436277
2026-09-22,SSB,3435960000,164400
2026-09-22,SSI,2791084700,133226
2026-09-22,STB,-28352155000,-369650
2026-09-22,SZC,-157530000,-8900
2026-09-22,TCB,-86696430000,-2684100
2026-09-22,TPB,13418655000,941660
2026-09-22,VCB,-32357304000,-549360
2026-09-22,VCI,11598420000,568550
2026-09-22,VHC,-9815825000,-198500
2026-09-22,VHM,-55218318200,-795653
2026-09-22,VIB,-1557214000,-116210
2026-09-22,VIC,49792980600,204237
2026-09-22,VIX,-12663706950,-970399
2026-09-22,VJC,-4590158400,-33776
2026-09-22,VND,8519445000,573700
2026-09-22,VNM,41646538800,680499
2026-09-22,VPB,-49494844000,-1767673
2026-09-22,VRE,-3908070000,-155700
2026-09-22,VSC,7625940000,569100
2026-09-22,VTP,5063388000,103440
2026-09-23,ACB,-140864558600,-6461677
2026-09-23,AGR,293580000,23300
2026-09-23,ANV,-1717625000,-105700
2026-09-23,BID,-37371435000,-1028100
2026-09-23,BSI,-923260000,-34840
2026-09-23,BSR,-15872230000,-507100
2026-09-23,BVH,-5557860000,-80200
2026-09-23,CTD,351000000,6000
2026-09-23,CTG,-57397886600,-1869638
2026-09-23,CTS,-1362075000,-63500
2026-09-23,DBC,-524700000,-33000
2026-09-23,DCM,30360000000,880000
2026-09-23,DGC,-6994285000,-197300
2026-09-23,DGW,3090920000,66400
2026-09-23,DIG,-503470000,-50600
2026-09-23,DPM,12645240300,547413
2026-09-23,DXG,-1817900000,-171500
2026-09-23,EIB,1202850000,72900
2026-09-23,FPT,-61868013600,-935976
2026-09-23,FRT,-78717706800,-561868
2026-09-23,FTS,137685000,6700
2026-09-23,GAS,3274128000,38610
2026-09-23,GEX,-18800635000,-772100
2026-09-23,GMD,-7155966200,-91979
2026-09-23,HAH,-22884614500,-467510
2026-09-23,HCM,11860050000,465100
2026-09-23,HDB,-53703468000,-1917981
2026-09-23,HDG,-74520000,-4600
2026-09-23,HPG,-24983845050,-1186881
2026-09-23,HSG,121159600,11996
2026-09-23,IJC,530190000,77400
2026-09-23,KBC,-7389200000,-284200
2026-09-23,KDH,4999090000,315400
2026-09-23,LPB,6863230000,145100
2026-09-23,MBB,-43206000000,-2160300
2026-09-23,MBS,511280000,30800
2026-09-23,MCH,-1898780000,-13400
2026-09-23,MSB,4250801500,300410
2026-09-23,MSN,-21391047600,-306462
2026-09-23,MWG,2393640000,32700
2026-09-23,NAB,-1842717600,-151664
2026-09-23,NKG,-2816422000,-284200
2026-09-23,NLG,-22323040000,-962200
2026-09-23,NT2,59360000,2800
2026-09-23,NVL,-17842380000,-1450600
2026-09-23,OCB,-732545000,-70100
2026-09-23,ORS,0,0
2026-09-23,PDR,-509105000,-43700
2026-09-23,PLX,-11593400000,-318500
2026-09-23,PNJ,-23047370000,-652900
2026-09-23,POW,7559475000,592900
2026-09-23,PVD,273733000,14407
2026-09-23,PVS,-9930120000,-299100
2026-09-23,SAB,-1220317800,-27609
2026-09-23,SHB,6803912700,581531
2026-09-23,SSB,-3928558500,-191637
2026-09-23,SSI,-11285688000,-541280
2026-09-23,STB,5659840000,73600
2026-09-23,SZC,1124010000,62100
2026-09-23,TCB,-86219835000,-2600900
2026-09-23,TPB,43438676250,2944995
2026-09-23,VCB,-66467700000,-1136200
2026-09-23,VCI,-8161810000,-404050
2026-09-23,VHC,3043150000,60500
2026-09-23,VHM,-129111534200,-1893131
2026-09-23,VIB,6413215000,473300
2026-09-23,VIC,96732152000,409882
2026-09-23,VIX,-22398320000,-1729600
2026-09-23,VJC,-6088500000,-45100
2026-09-23,VND,-31475762500,-2133950
2026-09-23,VNM,-3882769000,-64178
2026-09-23,VPB,-282127910800,-10148486
2026-09-23,VRE,-2273370000,-91300
2026-09-23,VSC,-4285260000,-322200
2026-09-23,VTP,297470000,6040
2026-09-24,ACB,-91525660000,-4276900
2026-09-24,AGR,1255000,100
2026-09-24,ANV,56700000,3500
2026-09-24,BID,-23169860000,-645400
2026-09-24,BSI,-135405000,-5100
2026-09-24,BSR,15384000000,512800
2026-09-24,BVH,-41679160000,-602300
2026-09-24,CTD,3015792000,51552
2026-09-24,CTG,-89346510000,-2963400
2026-09-24,CTS,-1417990000,-65800
2026-09-24,DBC,-1530900000,-97200
2026-09-24,DCM,17204000000,506000
2026-09-24,DGC,-3194650000,-90500
2026-09-24,DGW,3897580000,85100
2026-09-24,DIG,346016000,35200
2026-09-24,DPM,-3661510000,-161300
2026-09-24,DXG,-3633639100,-357994
2026-09-24,EIB,854700000,51800
2026-09-24,FPT,-20851726600,-319322
2026-09-24,FRT,18715174000,131797
2026-09-24,FTS,-550693300,-27466
2026-09-24,GAS,26156688000,318984
2026-09-24,GEX,11223370000,465700
2026-09-24,GMD,-13032040000,-170800
2026-09-24,HAH,-6496532700,-131642
2026-09-24,HCM,-6079220000,-242200
2026-09-24,HDB,-99415575000,-3595500
2026-09-24,HDG,85065000,5300
2026-09-24,HPG,-61289987200,-2946634
2026-09-24,HSG,-2803000000,-280300
2026-09-24,IJC,-311217000,-45700
2026-09-24,KBC,418262000,16087
2026-09-24,KDH,10806310000,688300
2026-09-24,LPB,-2097280000,-45200
2026-09-24,MBB,-12824092500,-646050
2026-09-24,MBS,1266080000,77200
2026-09-24,MCH,1162081700,8201
2026-09-24,MSB,-4450275000,-312300
2026-09-24,MSN,181640302800,2565541
2026-09-24,MWG,-7290000,-100
2026-09-24,NAB,-1125600000,-93800
2026-09-24,NKG,-3118356000,-321480
2026-09-24,NLG,-4008240000,-175800
2026-09-24,NT2,-4384820000,-209800
2026-09-24,NVL,11614936800,952044
2026-09-24,OCB,-5294200000,-514000
2026-09-24,ORS,1130960000,84400
2026-09-24,PDR,656650000,57100
2026-09-24,PLX,-33383000000,-953800
2026-09-24,PNJ,3178485000,95450
2026-09-24,POW,-1301250000,-104100
2026-09-24,PVD,-1660675000,-90500
2026-09-24,PVS,-2264230000,-70100
2026-09-24,SAB,-1033110000,-23400
2026-09-24,SHB,15500082400,1336214
2026-09-24,SSB,8288000000,414400
2026-09-24,SSI,2784621750,133555
2026-09-24,STB,24285635200,315808
2026-09-24,SZC,1097460000,60300
2026-09-24,TCB,-76701010000,-2327800
2026-09-24,TPB,-19721520000,-1341600
2026-09-24,VCB,-45808364000,-788440
2026-09-24,VCI,11412780000,567800
2026-09-24,VHC,-1113280000,-22400
2026-09-24,VHM,-345215273400,-5278521
2026-09-24,VIB,1200291450,89241
2026-09-24,VIC,-176497170000,-767379
2026-09-24,VIX,-14400831750,-1129477
2026-09-24,VJC,-4705668000,-35649
2026-09-24,VND,-10186873500,-702543
2026-09-24,VNM,14325718800,236398
2026-09-24,VPB,-112672275300,-5098293
2026-09-24,VRE,-20374630500,-843670
2026-09-24,VSC,8217630000,627300
2026-09-24,VTP,8270455800,157233
